-- phpMyAdmin SQL Dump
-- version 4.5.5.1
-- http://www.phpmyadmin.net
--
-- Client :  127.0.0.1
-- Généré le :  Mar 14 Mars 2017 à 08:31
-- Version du serveur :  5.7.11
-- Version de PHP :  5.6.19

SET SQL_MODE = "NO_AUTO_VALUE_ON_ZERO";
SET time_zone = "+00:00";


/*!40101 SET @OLD_CHARACTER_SET_CLIENT=@@CHARACTER_SET_CLIENT */;
/*!40101 SET @OLD_CHARACTER_SET_RESULTS=@@CHARACTER_SET_RESULTS */;
/*!40101 SET @OLD_COLLATION_CONNECTION=@@COLLATION_CONNECTION */;
/*!40101 SET NAMES utf8mb4 */;

--
-- Base de données :  `inscriptions`
--

-- --------------------------------------------------------

--
-- Structure de la table `candidat`
--

CREATE TABLE `candidat` (
  `id_c` int(11) NOT NULL,
  `nom_c` varchar(255) NOT NULL
) ENGINE=InnoDB DEFAULT CHARSET=latin1;

--
-- Contenu de la table `candidat`
--

INSERT INTO `candidat` (`id_c`, `nom_c`) VALUES
(1, 'EQUIPE TEST'),
(2, 'EQUIPE TEST'),
(3, 'EQUIPE TEST'),
(4, 'EQUIPE TEST'),
(5, 'EQUIPE TEST'),
(6, 'EQUIPE TEST'),
(7, 'EQUIPE TEST'),
(8, 'EQUIPE TEST'),
(9, 'EQUIPE TEST'),
(10, 'EQUIPE TEST'),
(11, 'EQUIPE TEST'),
(12, 'EQUIPE TEST'),
(13, 'EQUIPE TEST'),
(14, 'EQUIPE TEST'),
(15, 'EQUIPE TEST'),
(16, 'EQUIPE TEST'),
(17, 'EQUIPE TEST'),
(18, 'EQUIPE TEST'),
(19, 'EQUIPE TEST'),
(20, 'EQUIPE TEST'),
(21, 'EQUIPE TEST'),
(22, 'EQUIPE TEST'),
(23, 'EQUIPE TEST'),
(24, 'EQUIPE TEST'),
(25, 'EQUIPE TEST'),
(26, 'EQUIPE TEST'),
(27, 'EQUIPE TEST'),
(28, 'EQUIPE TEST'),
(29, 'EQUIPE TEST'),
(30, 'EQUIPE TEST'),
(31, 'EQUIPE TEST'),
(32, 'EQUIPE TEST'),
(33, 'EQUIPE TEST'),
(34, 'EQUIPE TEST'),
(35, 'EQUIPE TEST'),
(36, 'EQUIPE TEST'),
(37, 'EQUIPE TEST'),
(38, 'EQUIPE TEST'),
(39, 'EQUIPE TEST'),
(40, 'EQUIPE TEST'),
(41, 'EQUIPE TEST'),
(42, 'EQUIPE TEST'),
(43, 'EQUIPE TEST'),
(44, ''),
(45, ''),
(46, 'EQUIPE TEST'),
(47, 'EQUIPE TEST'),
(48, 'EQUIPE TEST'),
(49, 'EQUIPE TEST'),
(50, 'EQUIPE TEST'),
(51, 'EQUIPE TEST'),
(52, 'EQUIPE TEST'),
(53, 'EQUIPE TEST'),
(54, 'EQUIPE TEST'),
(55, 'EQUIPE TEST'),
(56, 'EQUIPE TEST'),
(57, ''),
(58, 'EQUIPE TEST'),
(59, 'EQUIPE TEST'),
(60, 'EQUIPE TEST'),
(61, 'EQUIPE TEST'),
(62, 'EQUIPE TEST'),
(63, 'EQUIPE TEST'),
(64, 'EQUIPE TEST'),
(65, 'EQUIPE TEST'),
(66, 'EQUIPE TEST'),
(67, 'EQUIPE TEST'),
(68, 'EQUIPE TEST'),
(69, ''),
(70, 'EQUIPE TEST'),
(71, 'EQUIPE TEST'),
(72, 'EQUIPE TEST'),
(73, 'EQUIPE TEST'),
(74, 'EQUIPE TEST'),
(75, 'EQUIPE TEST'),
(76, 'EQUIPE TEST'),
(77, 'EQUIPE TEST'),
(78, 'EQUIPE TEST'),
(79, 'EQUIPE TEST'),
(80, 'EQUIPE TEST'),
(81, ''),
(82, 'EQUIPE TEST'),
(83, 'EQUIPE TEST'),
(84, 'EQUIPE TEST'),
(85, 'EQUIPE TEST'),
(86, 'EQUIPE TEST'),
(87, 'EQUIPE TEST'),
(88, 'EQUIPE TEST'),
(89, 'EQUIPE TEST'),
(90, 'EQUIPE TEST'),
(91, 'EQUIPE TEST'),
(92, 'EQUIPE TEST'),
(93, ''),
(94, 'EQUIPE TEST'),
(95, 'EQUIPE TEST'),
(96, 'EQUIPE TEST'),
(97, 'EQUIPE TEST'),
(98, 'EQUIPE TEST'),
(99, 'EQUIPE TEST'),
(100, 'EQUIPE TEST'),
(101, 'EQUIPE TEST'),
(102, 'EQUIPE TEST'),
(103, 'EQUIPE TEST'),
(104, 'EQUIPE TEST'),
(105, ''),
(106, 'EQUIPE TEST'),
(107, 'EQUIPE TEST'),
(108, 'EQUIPE TEST'),
(109, 'EQUIPE TEST'),
(110, 'EQUIPE TEST'),
(111, 'EQUIPE TEST'),
(112, 'EQUIPE TEST'),
(113, 'EQUIPE TEST'),
(114, 'EQUIPE TEST'),
(115, 'EQUIPE TEST'),
(116, 'EQUIPE TEST'),
(117, ''),
(118, 'EQUIPE TEST'),
(119, 'EQUIPE TEST'),
(120, 'EQUIPE TEST'),
(121, 'EQUIPE TEST'),
(122, 'EQUIPE TEST'),
(123, 'EQUIPE TEST'),
(124, 'EQUIPE TEST'),
(125, 'EQUIPE TEST'),
(126, 'EQUIPE TEST'),
(127, 'EQUIPE TEST'),
(128, 'EQUIPE TEST'),
(129, ''),
(130, 'EQUIPE TEST'),
(131, 'EQUIPE TEST'),
(132, 'EQUIPE TEST'),
(133, 'EquipeTest'),
(134, ''),
(135, 'EquipeTest'),
(136, 'EquipeTest'),
(137, 'EquipeTest'),
(138, 'EquipeTest'),
(139, 'EquipeTest'),
(140, 'EquipeTest'),
(141, 'EquipeTest'),
(142, 'EquipeTest'),
(143, 'EquipeTest'),
(144, ''),
(145, 'EquipeTest'),
(146, 'EquipeTest'),
(147, 'EquipeTest'),
(148, 'EquipeTest'),
(149, 'EquipeTest'),
(150, 'EquipeTest'),
(151, 'EquipeTest'),
(152, 'EquipeTest'),
(153, 'EquipeTest'),
(154, ''),
(155, 'EquipeTest'),
(156, 'EquipeTest'),
(157, 'EquipeTest'),
(158, 'EquipeTest'),
(159, 'EquipeTest'),
(160, 'EquipeTest'),
(161, 'EquipeTest'),
(162, 'EquipeTest'),
(163, 'EquipeTest'),
(164, ''),
(165, 'EquipeTest'),
(166, 'EquipeTest'),
(167, 'EquipeTest'),
(168, 'EquipeTest'),
(169, 'EquipeTest'),
(170, 'EquipeTest'),
(171, 'EquipeTest'),
(172, 'EquipeTest'),
(173, 'EquipeTest'),
(174, ''),
(175, 'EquipeTest'),
(176, 'EquipeTest'),
(177, 'EquipeTest'),
(178, 'EquipeTest'),
(179, 'EquipeTest'),
(180, 'EquipeTest'),
(181, 'EquipeTest'),
(182, 'EquipeTest'),
(183, 'EquipeTest'),
(184, ''),
(185, 'EquipeTest'),
(186, 'EquipeTest'),
(187, 'EquipeTest'),
(188, 'EquipeTest'),
(189, 'EquipeTest'),
(190, 'EquipeTest'),
(191, 'EquipeTest'),
(192, 'EquipeTest'),
(193, 'EQUIPE TEST'),
(194, 'EQUIPE TEST'),
(195, 'EQUIPE TEST'),
(196, 'EQUIPE TEST'),
(197, 'EQUIPE TEST'),
(198, 'EQUIPE TEST'),
(199, 'EQUIPE TEST'),
(200, 'EQUIPE TEST'),
(201, 'EQUIPE TEST'),
(202, 'EQUIPE TEST'),
(203, 'EquipeTest'),
(204, ''),
(205, 'EquipeTest'),
(206, 'EquipeTest'),
(207, 'EquipeTest'),
(208, 'EquipeTest'),
(209, 'EquipeTest'),
(210, 'EquipeTest'),
(211, 'EquipeTest'),
(212, 'EquipeTest'),
(213, 'EQUIPE TEST'),
(214, 'EQUIPE TEST'),
(215, 'EQUIPE TEST'),
(216, 'EQUIPE TEST'),
(217, 'EQUIPE TEST'),
(218, 'EQUIPE TEST'),
(219, 'EQUIPE TEST'),
(220, 'EQUIPE TEST'),
(221, 'EQUIPE TEST'),
(222, 'EQUIPE TEST'),
(223, 'EQUIPE TEST'),
(224, 'EQUIPE TEST'),
(225, 'EQUIPE TEST'),
(226, ''),
(227, 'EQUIPE TEST'),
(228, 'EQUIPE TEST'),
(229, 'EQUIPE TEST'),
(230, 'EQUIPE TEST'),
(231, 'EQUIPE TEST'),
(232, 'EQUIPE TEST'),
(233, 'EQUIPE TEST'),
(234, 'EQUIPE TEST'),
(235, 'EQUIPE TEST'),
(236, 'EQUIPE TEST'),
(237, 'EquipeTest'),
(238, ''),
(239, 'EquipeTest'),
(240, 'EquipeTest'),
(241, 'EquipeTest'),
(242, 'EquipeTest'),
(243, 'EquipeTest'),
(244, 'EquipeTest'),
(245, 'EquipeTest'),
(246, 'EquipeTest'),
(247, 'EQUIPE TEST'),
(248, 'EQUIPE TEST'),
(249, 'EQUIPE TEST'),
(250, 'EQUIPE TEST'),
(251, 'EQUIPE TEST'),
(252, 'EQUIPE TEST'),
(253, 'EQUIPE TEST'),
(254, 'EQUIPE TEST'),
(255, 'EQUIPE TEST'),
(256, 'EQUIPE TEST'),
(257, 'EQUIPE TEST'),
(258, 'EQUIPE TEST'),
(259, 'EQUIPE TEST'),
(260, ''),
(261, 'EQUIPE TEST'),
(262, 'EQUIPE TEST'),
(263, 'EQUIPE TEST'),
(264, 'EQUIPE TEST'),
(265, 'EQUIPE TEST'),
(266, 'EQUIPE TEST'),
(267, 'EQUIPE TEST'),
(268, 'EQUIPE TEST'),
(269, 'EQUIPE TEST'),
(270, 'EQUIPE TEST'),
(271, 'EquipeTest'),
(272, ''),
(273, 'EquipeTest'),
(274, 'EquipeTest'),
(275, 'EquipeTest'),
(276, 'EquipeTest'),
(277, 'EquipeTest'),
(278, 'EquipeTest'),
(279, 'EquipeTest'),
(280, 'EquipeTest'),
(281, 'EQUIPE TEST'),
(282, 'EQUIPE TEST'),
(283, 'EQUIPE TEST'),
(284, 'EQUIPE TEST'),
(285, 'EQUIPE TEST'),
(286, 'EQUIPE TEST'),
(287, 'EQUIPE TEST'),
(288, 'EQUIPE TEST'),
(289, 'EQUIPE TEST'),
(290, 'EQUIPE TEST'),
(291, 'EQUIPE TEST'),
(292, 'EQUIPE TEST'),
(293, 'EQUIPE TEST'),
(294, ''),
(295, 'EQUIPE TEST'),
(296, 'EQUIPE TEST'),
(297, 'EQUIPE TEST'),
(298, 'EQUIPE TEST'),
(299, 'EQUIPE TEST'),
(300, 'EQUIPE TEST'),
(301, 'EQUIPE TEST'),
(302, 'EQUIPE TEST'),
(303, 'EQUIPE TEST'),
(304, 'EQUIPE TEST'),
(305, 'EquipeTest'),
(306, ''),
(307, 'EquipeTest'),
(308, 'EquipeTest'),
(309, 'EquipeTest'),
(310, 'EquipeTest'),
(311, 'EquipeTest'),
(312, 'EquipeTest'),
(313, 'EquipeTest'),
(314, 'EquipeTest'),
(315, 'EQUIPE TEST'),
(316, 'EQUIPE TEST'),
(317, 'EQUIPE TEST'),
(318, 'EQUIPE TEST'),
(319, 'EQUIPE TEST'),
(320, 'EQUIPE TEST'),
(321, 'EQUIPE TEST'),
(322, 'EQUIPE TEST'),
(323, 'EQUIPE TEST'),
(324, 'EQUIPE TEST'),
(325, 'EQUIPE TEST'),
(326, 'EQUIPE TEST'),
(327, 'EQUIPE TEST'),
(328, ''),
(329, 'EQUIPE TEST'),
(330, 'EQUIPE TEST'),
(331, 'EQUIPE TEST'),
(332, 'EQUIPE TEST'),
(333, 'EQUIPE TEST'),
(334, 'EQUIPE TEST'),
(335, 'EQUIPE TEST'),
(336, 'EQUIPE TEST'),
(337, 'EQUIPE TEST'),
(338, 'EQUIPE TEST'),
(339, 'EquipeTest'),
(340, ''),
(341, 'EquipeTest'),
(342, 'EquipeTest'),
(343, 'EquipeTest'),
(344, 'EquipeTest'),
(345, 'EquipeTest'),
(346, 'EquipeTest'),
(347, 'EquipeTest'),
(348, 'EquipeTest'),
(349, 'EQUIPE TEST'),
(350, 'EQUIPE TEST'),
(351, 'EQUIPE TEST'),
(352, 'EQUIPE TEST'),
(353, 'EQUIPE TEST'),
(354, 'EQUIPE TEST'),
(355, 'EQUIPE TEST'),
(356, 'EQUIPE TEST'),
(357, 'EQUIPE TEST'),
(358, 'EQUIPE TEST'),
(359, 'EQUIPE TEST'),
(360, 'EQUIPE TEST'),
(361, 'EQUIPE TEST'),
(362, ''),
(363, 'EQUIPE TEST'),
(364, 'EQUIPE TEST'),
(365, 'EQUIPE TEST'),
(366, 'EQUIPE TEST'),
(367, 'EQUIPE TEST'),
(368, 'EQUIPE TEST'),
(369, 'EQUIPE TEST'),
(370, 'EQUIPE TEST'),
(371, 'EQUIPE TEST'),
(372, 'EQUIPE TEST'),
(373, 'EquipeTest'),
(374, ''),
(375, 'EquipeTest'),
(376, 'EquipeTest'),
(377, 'EquipeTest'),
(378, 'EquipeTest'),
(379, 'EquipeTest'),
(380, 'EquipeTest'),
(381, 'EquipeTest'),
(382, 'EquipeTest'),
(383, 'EQUIPE TEST'),
(384, 'EQUIPE TEST'),
(385, 'EQUIPE TEST'),
(386, 'EQUIPE TEST'),
(387, 'EQUIPE TEST'),
(388, 'EQUIPE TEST'),
(389, 'EQUIPE TEST'),
(390, 'EQUIPE TEST'),
(391, 'EQUIPE TEST'),
(392, 'EQUIPE TEST'),
(393, 'EQUIPE TEST'),
(394, 'EQUIPE TEST'),
(395, 'EQUIPE TEST'),
(396, ''),
(397, 'EQUIPE TEST'),
(398, 'EQUIPE TEST'),
(399, 'EQUIPE TEST');

-- --------------------------------------------------------

--
-- Structure de la table `competition`
--

CREATE TABLE `competition` (
  `id_comp` int(11) NOT NULL,
  `nom_comp` varchar(255) NOT NULL,
  `date_cloture` date NOT NULL,
  `en_equipe` tinyint(1) NOT NULL
) ENGINE=MyISAM DEFAULT CHARSET=latin1;

--
-- Contenu de la table `competition`
--

INSERT INTO `competition` (`id_comp`, `nom_comp`, `date_cloture`, `en_equipe`) VALUES
(1, 'CompetSoloTest', '2017-01-01', 0),
(2, 'CompetSoloTest', '2017-01-01', 0),
(3, 'CompetSoloTest', '2017-01-01', 0),
(4, 'CompetSoloTest', '2017-01-01', 0),
(5, 'CompetSoloTest', '2017-01-01', 0),
(6, 'CompetSoloTest', '2017-01-01', 0),
(7, 'CompetSoloTest', '2017-01-01', 0),
(8, 'CompetSoloTest', '2017-01-01', 0),
(9, 'CompetSoloTest', '2017-01-01', 0),
(10, 'CompetSoloTest', '2017-01-01', 0),
(11, 'CompetSoloTest', '2017-01-01', 0),
(12, 'CompetSoloTest', '2017-01-01', 0),
(13, 'CompetSoloTest', '2017-01-01', 0),
(14, 'CompetSoloTest', '2017-01-01', 0),
(15, 'CompetSoloTest', '2017-01-01', 0),
(16, 'CompetSoloTest', '2017-01-01', 0),
(17, 'CompetSoloTest', '2017-01-01', 0),
(18, 'CompetSoloTest', '2017-01-01', 0),
(19, 'CompetSoloTest', '2017-01-01', 0),
(20, 'CompetSoloTest', '2017-01-01', 0),
(21, 'CompetSoloTest', '2017-01-01', 0),
(22, 'CompetSoloTest', '2017-01-01', 0),
(23, 'CompetSoloTest', '2017-01-01', 0),
(24, 'CompetSoloTest', '2017-01-01', 0),
(25, 'CompetSoloTest', '2017-01-01', 0),
(26, 'CompetSoloTest', '2017-01-01', 0),
(27, 'CompetSoloTest', '2017-01-01', 0),
(28, 'CompetSoloTest', '2017-01-01', 0),
(29, 'CompetSoloTest', '2017-01-01', 0),
(30, 'CompetSoloTest', '2017-01-01', 0),
(31, 'CompetSoloTest', '2017-01-01', 0),
(32, 'CompetSoloTest', '2017-01-01', 0),
(33, 'CompetSoloTest', '2017-01-01', 0),
(34, 'CompetSoloTest', '2017-01-01', 0),
(35, 'CompetSoloTest', '2017-01-01', 0),
(36, 'CompetSoloTest', '2017-01-01', 0),
(37, 'CompetSoloTest', '2017-01-01', 0),
(38, 'CompetSoloTest', '2017-01-01', 0),
(39, 'CompetSoloTest', '2017-01-01', 0),
(40, 'CompetSoloTest', '2017-01-01', 0),
(41, 'CompetSoloTest', '2017-01-01', 0),
(42, 'CompetSoloTest', '2017-01-01', 0),
(43, 'CompetSoloTest', '2017-01-01', 0),
(44, 'CompetSoloTest', '2017-01-01', 0),
(45, 'CompetEquipeTest', '2018-01-01', 1),
(46, 'CompetSoloTest', '2017-01-01', 0),
(47, 'CompetEquipeTest', '2018-01-01', 1),
(48, 'CompetSoloTest', '2017-01-01', 0),
(49, 'CompetEquipeTest', '2018-01-01', 1),
(50, 'CompetSoloTest', '2017-01-01', 0),
(51, 'CompetEquipeTest', '2018-01-01', 1),
(52, 'CompetSoloTest', '2017-01-01', 0),
(53, 'CompetEquipeTest', '2018-01-01', 1),
(54, 'CompetSoloTest', '2017-01-01', 0),
(55, 'CompetEquipeTest', '2018-01-01', 1),
(56, 'CompetSoloTest', '2017-01-01', 0),
(57, 'CompetEquipeTest', '2018-01-01', 1),
(58, 'CompetSoloTest', '2017-01-01', 0),
(59, 'CompetEquipeTest', '2018-01-01', 1),
(60, 'CompetSoloTest', '2017-01-01', 0),
(61, 'CompetEquipeTest', '2018-01-01', 1),
(62, 'CompetSoloTest', '2017-01-01', 0),
(63, 'CompetEquipeTest', '2018-01-01', 1),
(64, 'CompetSoloTest', '2017-01-01', 0),
(65, 'CompetEquipeTest', '2018-01-01', 1),
(66, 'CompetSoloTest', '2017-01-01', 0),
(67, 'CompetEquipeTest', '2018-01-01', 1),
(68, 'CompetSoloTest', '2017-01-01', 0),
(69, 'CompetEquipeTest', '2018-01-01', 1),
(70, 'CompetSoloTest', '2017-01-01', 0),
(71, 'CompetEquipeTest', '2018-01-01', 1),
(72, 'CompetSoloTest', '2017-01-01', 0),
(73, 'CompetEquipeTest', '2018-01-01', 1),
(74, 'CompetSoloTest', '2017-01-01', 0),
(75, 'CompetEquipeTest', '2018-01-01', 1),
(76, 'CompetSoloTest', '2017-01-01', 0),
(77, 'CompetEquipeTest', '2018-01-01', 1),
(78, 'CompetSoloTest', '2017-01-01', 0),
(79, 'CompetEquipeTest', '2018-01-01', 1),
(80, 'CompetSoloTest', '2017-01-01', 0),
(81, 'CompetEquipeTest', '2018-01-01', 1),
(82, 'CompetSoloTest', '2017-01-01', 0),
(83, 'CompetEquipeTest', '2018-01-01', 1),
(84, 'CompetSoloTest', '2017-01-01', 0),
(85, 'CompetEquipeTest', '2018-01-01', 1),
(86, 'CompetSoloTest', '2017-01-01', 0),
(87, 'CompetEquipeTest', '2018-01-01', 1),
(88, 'CompetSoloTest', '2017-01-01', 0),
(89, 'CompetEquipeTest', '2018-01-01', 1),
(90, 'CompetSoloTest', '2017-01-01', 0),
(91, 'CompetEquipeTest', '2018-01-01', 1),
(92, 'CompetSoloTest', '2017-01-01', 0),
(93, 'CompetEquipeTest', '2018-01-01', 1),
(94, 'CompetSoloTest', '2017-01-01', 0),
(95, 'CompetEquipeTest', '2018-01-01', 1),
(96, 'CompetSoloTest', '2017-01-01', 0),
(97, 'CompetEquipeTest', '2018-01-01', 1),
(98, 'CompetSoloTest', '2017-01-01', 0),
(99, 'CompetEquipeTest', '2018-01-01', 1),
(100, 'CompetSoloTest', '2017-01-01', 0),
(101, 'CompetEquipeTest', '2018-01-01', 1),
(102, 'CompetSoloTest', '2017-01-01', 0),
(103, 'CompetEquipeTest', '2018-01-01', 1),
(104, 'CompetSoloTest', '2017-01-01', 0),
(105, 'CompetEquipeTest', '2018-01-01', 1),
(106, 'CompetSoloTest', '2017-01-01', 0),
(107, 'CompetEquipeTest', '2018-01-01', 1),
(108, 'CompetSoloTest', '2017-01-01', 0),
(109, 'CompetEquipeTest', '2018-01-01', 1),
(110, 'CompetSoloTest', '2017-01-01', 0),
(111, 'CompetEquipeTest', '2018-01-01', 1),
(112, 'CompetSoloTest', '2017-01-01', 0),
(113, 'CompetEquipeTest', '2018-01-01', 1),
(114, 'CompetSoloTest', '2017-01-01', 0),
(115, 'CompetEquipeTest', '2018-01-01', 1),
(116, 'CompetSoloTest', '2017-01-01', 0),
(117, 'CompetEquipeTest', '2018-01-01', 1),
(118, 'CompetSoloTest', '2017-01-01', 0),
(119, 'CompetEquipeTest', '2017-01-01', 1),
(120, 'CompetEquipeTest', '2018-01-01', 1),
(121, 'CompetSoloTest', '2017-01-01', 0),
(122, 'CompetEquipeTest', '2018-01-01', 1),
(123, 'CompetSoloTest', '2017-01-01', 0),
(124, 'CompetEquipeTest', '2018-01-01', 1),
(125, 'CompetSoloTest', '2017-01-01', 0),
(126, 'CompetEquipeTest', '2018-01-01', 1),
(127, 'CompetSoloTest', '2017-01-01', 0),
(128, 'CompetEquipeTest', '2018-01-01', 1),
(129, 'CompetSoloTest', '2017-01-01', 0),
(130, 'CompetEquipeTest', '2018-01-01', 1),
(131, 'CompetSoloTest', '2017-01-01', 0),
(132, 'CompetEquipeTest', '2018-01-01', 1),
(133, 'CompetSoloTest', '2017-01-01', 0),
(134, 'CompetEquipeTest', '2018-01-01', 1),
(135, 'CompetSoloTest', '2017-01-01', 0),
(136, 'CompetEquipeTest', '2018-01-01', 1),
(137, 'CompetSoloTest', '2017-01-01', 0),
(138, 'CompetEquipeTest', '2018-01-01', 1),
(139, 'CompetSoloTest', '2017-01-01', 0),
(140, 'CompetEquipeTest', '2018-01-01', 1),
(141, 'CompetSoloTest', '2017-01-01', 0),
(142, 'CompetEquipeTest', '2017-01-01', 1),
(143, 'CompetEquipeTest', '2018-01-01', 1),
(144, 'CompetSoloTest', '2017-01-01', 0),
(145, 'CompetEquipeTest', '2018-01-01', 1),
(146, 'CompetSoloTest', '2017-01-01', 0),
(147, 'CompetEquipeTest', '2018-01-01', 1),
(148, 'CompetSoloTest', '2017-01-01', 0),
(149, 'CompetEquipeTest', '2018-01-01', 1),
(150, 'CompetSoloTest', '2017-01-01', 0),
(151, 'CompetEquipeTest', '2018-01-01', 1),
(152, 'CompetSoloTest', '2017-01-01', 0),
(153, 'CompetEquipeTest', '2018-01-01', 1),
(154, 'CompetSoloTest', '2017-01-01', 0),
(155, 'CompetEquipeTest', '2018-01-01', 1),
(156, 'CompetSoloTest', '2017-01-01', 0),
(157, 'CompetEquipeTest', '2018-01-01', 1),
(158, 'CompetSoloTest', '2017-01-01', 0),
(159, 'CompetEquipeTest', '2018-01-01', 1),
(160, 'CompetSoloTest', '2017-01-01', 0),
(161, 'CompetEquipeTest', '2018-01-01', 1),
(162, 'CompetSoloTest', '2017-01-01', 0),
(163, 'CompetEquipeTest', '2018-01-01', 1),
(164, 'CompetSoloTest', '2017-01-01', 0),
(165, 'CompetEquipeTest', '2017-01-01', 1),
(166, 'CompetEquipeTest', '2018-01-01', 1),
(167, 'CompetSoloTest', '2017-01-01', 0),
(168, 'CompetEquipeTest', '2018-01-01', 1),
(169, 'CompetSoloTest', '2017-01-01', 0),
(170, 'CompetEquipeTest', '2018-01-01', 1),
(171, 'CompetSoloTest', '2017-01-01', 0),
(172, 'CompetEquipeTest', '2018-01-01', 1),
(173, 'CompetSoloTest', '2017-01-01', 0),
(174, 'CompetEquipeTest', '2018-01-01', 1),
(175, 'CompetSoloTest', '2017-01-01', 0),
(176, 'CompetEquipeTest', '2018-01-01', 1),
(177, 'CompetSoloTest', '2017-01-01', 0),
(178, 'CompetEquipeTest', '2018-01-01', 1),
(179, 'CompetSoloTest', '2017-01-01', 0),
(180, 'CompetEquipeTest', '2018-01-01', 1),
(181, 'CompetSoloTest', '2017-01-01', 0),
(182, 'CompetEquipeTest', '2018-01-01', 1),
(183, 'CompetSoloTest', '2017-01-01', 0),
(184, 'CompetEquipeTest', '2018-01-01', 1),
(185, 'CompetSoloTest', '2017-01-01', 0),
(186, 'CompetEquipeTest', '2018-01-01', 1),
(187, 'CompetSoloTest', '2017-01-01', 0),
(188, 'CompetEquipeTest', '2017-01-01', 1),
(189, 'CompetEquipeTest', '2018-01-01', 1),
(190, 'CompetSoloTest', '2017-01-01', 0),
(191, 'CompetEquipeTest', '2018-01-01', 1),
(192, 'CompetSoloTest', '2017-01-01', 0),
(193, 'CompetEquipeTest', '2018-01-01', 1),
(194, 'CompetSoloTest', '2017-01-01', 0),
(195, 'CompetEquipeTest', '2018-01-01', 1),
(196, 'CompetSoloTest', '2017-01-01', 0),
(197, 'CompetEquipeTest', '2018-01-01', 1),
(198, 'CompetSoloTest', '2017-01-01', 0),
(199, 'CompetEquipeTest', '2018-01-01', 1),
(200, 'CompetSoloTest', '2017-01-01', 0),
(201, 'CompetEquipeTest', '2018-01-01', 1),
(202, 'CompetSoloTest', '2017-01-01', 0),
(203, 'CompetEquipeTest', '2018-01-01', 1),
(204, 'CompetSoloTest', '2017-01-01', 0),
(205, 'CompetEquipeTest', '2018-01-01', 1),
(206, 'CompetSoloTest', '2017-01-01', 0),
(207, 'CompetEquipeTest', '2018-01-01', 1),
(208, 'CompetSoloTest', '2017-01-01', 0),
(209, 'CompetEquipeTest', '2018-01-01', 1),
(210, 'CompetSoloTest', '2017-01-01', 0),
(211, 'CompetEquipeTest', '2017-01-01', 1),
(212, 'CompetEquipeTest', '2018-01-01', 1),
(213, 'CompetSoloTest', '2017-01-01', 0),
(214, 'CompetEquipeTest', '2018-01-01', 1),
(215, 'CompetSoloTest', '2017-01-01', 0),
(216, 'CompetEquipeTest', '2018-01-01', 1),
(217, 'CompetSoloTest', '2017-01-01', 0),
(218, 'CompetEquipeTest', '2018-01-01', 1),
(219, 'CompetSoloTest', '2017-01-01', 0),
(220, 'CompetEquipeTest', '2018-01-01', 1),
(221, 'CompetSoloTest', '2017-01-01', 0),
(222, 'CompetEquipeTest', '2018-01-01', 1),
(223, 'CompetSoloTest', '2017-01-01', 0),
(224, 'CompetEquipeTest', '2018-01-01', 1),
(225, 'CompetSoloTest', '2017-01-01', 0),
(226, 'CompetEquipeTest', '2018-01-01', 1),
(227, 'CompetSoloTest', '2017-01-01', 0),
(228, 'CompetEquipeTest', '2018-01-01', 1),
(229, 'CompetSoloTest', '2017-01-01', 0),
(230, 'CompetEquipeTest', '2018-01-01', 1),
(231, 'CompetSoloTest', '2017-01-01', 0),
(232, 'CompetEquipeTest', '2018-01-01', 1),
(233, 'CompetSoloTest', '2017-01-01', 0),
(234, 'CompetEquipeTest', '2017-01-01', 1),
(235, 'CompetEquipeTest', '2018-01-01', 1),
(236, 'CompetSoloTest', '2017-01-01', 0),
(237, 'CompetEquipeTest', '2018-01-01', 1),
(238, 'CompetSoloTest', '2017-01-01', 0),
(239, 'CompetEquipeTest', '2018-01-01', 1),
(240, 'CompetSoloTest', '2017-01-01', 0),
(241, 'CompetEquipeTest', '2018-01-01', 1),
(242, 'CompetSoloTest', '2017-01-01', 0),
(243, 'CompetEquipeTest', '2018-01-01', 1),
(244, 'CompetSoloTest', '2017-01-01', 0),
(245, 'CompetEquipeTest', '2018-01-01', 1),
(246, 'CompetSoloTest', '2017-01-01', 0),
(247, 'CompetEquipeTest', '2018-01-01', 1),
(248, 'CompetSoloTest', '2017-01-01', 0),
(249, 'CompetEquipeTest', '2017-01-01', 1),
(250, 'CompetSoloTest', '2018-01-01', 0),
(251, 'CompetEquipeTest', '2017-01-01', 1),
(252, 'CompetSoloTest', '2018-01-01', 0),
(253, 'CompetEquipeTest', '2017-01-01', 1),
(254, 'CompetSoloTest', '2018-01-01', 0),
(255, 'CompetEquipeTest', '2017-01-01', 1),
(256, 'CompetSoloTest', '2018-01-01', 0),
(257, 'CompetEquipeTest', '2017-01-01', 1),
(258, 'CompetSoloTest', '2018-01-01', 0),
(259, 'CompetEquipeTest', '2017-01-01', 1),
(260, 'CompetSoloTest', '2018-01-01', 0),
(261, 'CompetEquipeTest', '2017-01-01', 1),
(262, 'CompetSoloTest', '2018-01-01', 0),
(263, 'CompetEquipeTest', '2017-01-01', 1),
(264, 'CompetSoloTest', '2018-01-01', 0),
(265, 'Test', '2017-01-01', 0),
(266, 'CompetEquipeTest', '2017-01-01', 1),
(267, 'CompetSoloTest', '2018-01-01', 0),
(268, 'CompetEquipeTest', '2017-01-01', 1),
(269, 'CompetSoloTest', '2018-01-01', 0),
(270, 'CompetEquipeTest', '2017-01-01', 1),
(271, 'CompetSoloTest', '2018-01-01', 0),
(272, 'CompetEquipeTest', '2017-01-01', 1),
(273, 'CompetSoloTest', '2018-01-01', 0),
(274, 'CompetEquipeTest', '2017-01-01', 1),
(275, 'CompetSoloTest', '2018-01-01', 0),
(276, 'CompetEquipeTest', '2017-01-01', 1),
(277, 'CompetSoloTest', '2018-01-01', 0),
(278, 'CompetEquipeTest', '2017-01-01', 1),
(279, 'CompetSoloTest', '2018-01-01', 0),
(280, 'CompetEquipeTest', '2017-01-01', 1),
(281, 'CompetSoloTest', '2018-01-01', 0),
(282, 'CompetEquipeTest', '2017-01-01', 1),
(283, 'CompetSoloTest', '2018-01-01', 0),
(284, 'Test', '2017-01-01', 0),
(285, 'CompetEquipeTest', '2017-01-01', 1),
(286, 'CompetSoloTest', '2018-01-01', 0),
(287, 'CompetEquipeTest', '2017-01-01', 1),
(288, 'CompetSoloTest', '2018-01-01', 0),
(289, 'CompetEquipeTest', '2017-01-01', 1),
(290, 'CompetSoloTest', '2018-01-01', 0),
(291, 'CompetEquipeTest', '2017-01-01', 1),
(292, 'CompetSoloTest', '2018-01-01', 0),
(293, 'CompetEquipeTest', '2017-01-01', 1),
(294, 'CompetSoloTest', '2018-01-01', 0),
(295, 'CompetEquipeTest', '2017-01-01', 1),
(296, 'CompetSoloTest', '2018-01-01', 0),
(297, 'CompetEquipeTest', '2017-01-01', 1),
(298, 'CompetSoloTest', '2018-01-01', 0),
(299, 'CompetEquipeTest', '2017-01-01', 1),
(300, 'CompetSoloTest', '2018-01-01', 0),
(301, 'CompetEquipeTest', '2017-01-01', 1),
(302, 'CompetSoloTest', '2018-01-01', 0),
(303, 'Test', '2017-01-01', 0),
(304, 'CompetEquipeTest', '2017-01-01', 1),
(305, 'CompetSoloTest', '2018-01-01', 0),
(306, 'CompetEquipeTest', '2017-01-01', 1),
(307, 'CompetSoloTest', '2018-01-01', 0),
(308, 'CompetEquipeTest', '2017-01-01', 1),
(309, 'CompetSoloTest', '2018-01-01', 0),
(310, 'CompetEquipeTest', '2017-01-01', 1),
(311, 'CompetSoloTest', '2018-01-01', 0),
(312, 'CompetEquipeTest', '2017-01-01', 1),
(313, 'CompetSoloTest', '2018-01-01', 0),
(314, 'CompetEquipeTest', '2017-01-01', 1),
(315, 'CompetSoloTest', '2018-01-01', 0),
(316, 'CompetEquipeTest', '2017-01-01', 1),
(317, 'CompetSoloTest', '2018-01-01', 0),
(318, 'CompetEquipeTest', '2017-01-01', 1),
(319, 'CompetSoloTest', '2018-01-01', 0),
(320, 'CompetEquipeTest', '2017-01-01', 1),
(321, 'CompetSoloTest', '2018-01-01', 0),
(322, 'Test', '2017-01-01', 0),
(323, 'CompetEquipeTest', '2017-01-01', 1),
(324, 'CompetSoloTest', '2018-01-01', 0),
(325, 'CompetEquipeTest', '2017-01-01', 1),
(326, 'CompetSoloTest', '2018-01-01', 0),
(327, 'CompetEquipeTest', '2017-01-01', 1),
(328, 'CompetSoloTest', '2018-01-01', 0),
(329, 'CompetEquipeTest', '2017-01-01', 1),
(330, 'CompetSoloTest', '2018-01-01', 0),
(331, 'CompetEquipeTest', '2017-01-01', 1),
(332, 'CompetSoloTest', '2018-01-01', 0),
(333, 'CompetEquipeTest', '2017-01-01', 1),
(334, 'CompetSoloTest', '2018-01-01', 0),
(335, 'CompetEquipeTest', '2017-01-01', 1),
(336, 'CompetSoloTest', '2018-01-01', 0),
(337, 'CompetEquipeTest', '2017-01-01', 1),
(338, 'CompetSoloTest', '2018-01-01', 0),
(339, 'CompetEquipeTest', '2017-01-01', 1),
(340, 'CompetSoloTest', '2018-01-01', 0),
(341, 'Test', '2017-01-01', 0),
(342, 'CompetEquipeTest', '2017-01-01', 1),
(343, 'CompetSoloTest', '2018-01-01', 0),
(344, 'CompetSoloTest', '2017-01-01', 0),
(345, 'CompetSoloTest', '2017-01-01', 0),
(346, 'CompetSoloTest', '2017-01-01', 0),
(347, 'CompetSoloTest', '2017-01-01', 0),
(348, 'CompetSoloTest', '2017-01-01', 0),
(349, 'CompetSoloTest', '2017-01-01', 0),
(350, 'CompetSoloTest', '2017-01-01', 0),
(351, 'CompetEquipeTest', '2017-01-01', 1),
(352, 'CompetSoloTest', '2018-01-01', 0),
(353, 'CompetEquipeTest', '2017-01-01', 1),
(354, 'CompetSoloTest', '2018-01-01', 0),
(355, 'CompetEquipeTest', '2017-01-01', 1),
(356, 'CompetSoloTest', '2018-01-01', 0),
(357, 'CompetEquipeTest', '2017-01-01', 1),
(358, 'CompetSoloTest', '2018-01-01', 0),
(359, 'CompetEquipeTest', '2017-01-01', 1),
(360, 'CompetSoloTest', '2018-01-01', 0),
(361, 'CompetEquipeTest', '2017-01-01', 1),
(362, 'CompetSoloTest', '2018-01-01', 0),
(363, 'CompetEquipeTest', '2017-01-01', 1),
(364, 'CompetSoloTest', '2018-01-01', 0),
(365, 'CompetEquipeTest', '2017-01-01', 1),
(366, 'CompetSoloTest', '2018-01-01', 0),
(367, 'Test', '2017-01-01', 0),
(368, 'CompetEquipeTest', '2017-01-01', 1),
(369, 'CompetSoloTest', '2018-01-01', 0),
(370, 'CompetEquipeTest', '2018-01-01', 1),
(371, 'CompetSoloTest', '2017-01-01', 0),
(372, 'CompetEquipeTest', '2018-01-01', 1),
(373, 'CompetSoloTest', '2017-01-01', 0),
(374, 'CompetEquipeTest', '2018-01-01', 1),
(375, 'CompetSoloTest', '2017-01-01', 0),
(376, 'CompetEquipeTest', '2018-01-01', 1),
(377, 'CompetSoloTest', '2017-01-01', 0),
(378, 'CompetEquipeTest', '2017-01-01', 1),
(379, 'CompetEquipeTest', '2018-01-01', 1),
(380, 'CompetSoloTest', '2017-01-01', 0),
(381, 'CompetEquipeTest', '2018-01-01', 1),
(382, 'CompetSoloTest', '2017-01-01', 0),
(383, 'CompetEquipeTest', '2018-01-01', 1),
(384, 'CompetSoloTest', '2017-01-01', 0),
(385, 'CompetEquipeTest', '2018-01-01', 1),
(386, 'CompetSoloTest', '2017-01-01', 0),
(387, 'CompetEquipeTest', '2018-01-01', 1),
(388, 'CompetSoloTest', '2017-01-01', 0),
(389, 'CompetEquipeTest', '2018-01-01', 1),
(390, 'CompetSoloTest', '2017-01-01', 0),
(391, 'CompetEquipeTest', '2018-01-01', 1),
(392, 'CompetSoloTest', '2017-01-01', 0),
(393, 'CompetSoloTest', '2017-01-01', 0),
(394, 'CompetSoloTest', '2017-01-01', 0),
(395, 'CompetSoloTest', '2017-01-01', 0),
(396, 'CompetSoloTest', '2017-01-01', 0),
(397, 'CompetSoloTest', '2017-01-01', 0),
(398, 'CompetSoloTest', '2017-01-01', 0),
(399, 'CompetSoloTest', '2017-01-01', 0),
(400, 'CompetEquipeTest', '2017-01-01', 1),
(401, 'CompetSoloTest', '2018-01-01', 0),
(402, 'CompetEquipeTest', '2017-01-01', 1),
(403, 'CompetSoloTest', '2018-01-01', 0),
(404, 'CompetEquipeTest', '2017-01-01', 1),
(405, 'CompetSoloTest', '2018-01-01', 0),
(406, 'CompetEquipeTest', '2017-01-01', 1),
(407, 'CompetSoloTest', '2018-01-01', 0),
(408, 'CompetEquipeTest', '2017-01-01', 1),
(409, 'CompetSoloTest', '2018-01-01', 0),
(410, 'CompetEquipeTest', '2017-01-01', 1),
(411, 'CompetSoloTest', '2018-01-01', 0),
(412, 'CompetEquipeTest', '2017-01-01', 1),
(413, 'CompetSoloTest', '2018-01-01', 0),
(414, 'CompetEquipeTest', '2017-01-01', 1),
(415, 'CompetSoloTest', '2018-01-01', 0),
(416, 'Test', '2017-01-01', 0),
(417, 'CompetEquipeTest', '2017-01-01', 1),
(418, 'CompetSoloTest', '2018-01-01', 0),
(419, 'CompetEquipeTest', '2018-01-01', 1),
(420, 'CompetSoloTest', '2017-01-01', 0),
(421, 'CompetEquipeTest', '2018-01-01', 1),
(422, 'CompetSoloTest', '2017-01-01', 0),
(423, 'CompetEquipeTest', '2018-01-01', 1),
(424, 'CompetSoloTest', '2017-01-01', 0),
(425, 'CompetEquipeTest', '2018-01-01', 1),
(426, 'CompetSoloTest', '2017-01-01', 0),
(427, 'CompetEquipeTest', '2017-01-01', 1),
(428, 'CompetEquipeTest', '2018-01-01', 1),
(429, 'CompetSoloTest', '2017-01-01', 0),
(430, 'CompetEquipeTest', '2018-01-01', 1),
(431, 'CompetSoloTest', '2017-01-01', 0),
(432, 'CompetEquipeTest', '2018-01-01', 1),
(433, 'CompetSoloTest', '2017-01-01', 0),
(434, 'CompetEquipeTest', '2018-01-01', 1),
(435, 'CompetSoloTest', '2017-01-01', 0),
(436, 'CompetEquipeTest', '2018-01-01', 1),
(437, 'CompetSoloTest', '2017-01-01', 0),
(438, 'CompetEquipeTest', '2018-01-01', 1),
(439, 'CompetSoloTest', '2017-01-01', 0),
(440, 'CompetEquipeTest', '2018-01-01', 1),
(441, 'CompetSoloTest', '2017-01-01', 0),
(442, 'CompetSoloTest', '2017-01-01', 0),
(443, 'CompetSoloTest', '2017-01-01', 0),
(444, 'CompetSoloTest', '2017-01-01', 0),
(445, 'CompetSoloTest', '2017-01-01', 0),
(446, 'CompetSoloTest', '2017-01-01', 0),
(447, 'CompetSoloTest', '2017-01-01', 0),
(448, 'CompetSoloTest', '2017-01-01', 0),
(449, 'CompetEquipeTest', '2017-01-01', 1),
(450, 'CompetSoloTest', '2018-01-01', 0),
(451, 'CompetEquipeTest', '2017-01-01', 1),
(452, 'CompetSoloTest', '2018-01-01', 0),
(453, 'CompetEquipeTest', '2017-01-01', 1),
(454, 'CompetSoloTest', '2018-01-01', 0),
(455, 'CompetEquipeTest', '2017-01-01', 1),
(456, 'CompetSoloTest', '2018-01-01', 0),
(457, 'CompetEquipeTest', '2017-01-01', 1),
(458, 'CompetSoloTest', '2018-01-01', 0),
(459, 'CompetEquipeTest', '2017-01-01', 1),
(460, 'CompetSoloTest', '2018-01-01', 0),
(461, 'CompetEquipeTest', '2017-01-01', 1),
(462, 'CompetSoloTest', '2018-01-01', 0),
(463, 'CompetEquipeTest', '2017-01-01', 1),
(464, 'CompetSoloTest', '2018-01-01', 0),
(465, 'Test', '2017-01-01', 0),
(466, 'CompetEquipeTest', '2017-01-01', 1),
(467, 'CompetSoloTest', '2018-01-01', 0),
(468, 'CompetEquipeTest', '2018-01-01', 1),
(469, 'CompetSoloTest', '2017-01-01', 0),
(470, 'CompetEquipeTest', '2018-01-01', 1),
(471, 'CompetSoloTest', '2017-01-01', 0),
(472, 'CompetEquipeTest', '2018-01-01', 1),
(473, 'CompetSoloTest', '2017-01-01', 0),
(474, 'CompetEquipeTest', '2018-01-01', 1),
(475, 'CompetSoloTest', '2017-01-01', 0),
(476, 'CompetEquipeTest', '2017-01-01', 1),
(477, 'CompetEquipeTest', '2018-01-01', 1),
(478, 'CompetSoloTest', '2017-01-01', 0),
(479, 'CompetEquipeTest', '2018-01-01', 1),
(480, 'CompetSoloTest', '2017-01-01', 0),
(481, 'CompetEquipeTest', '2018-01-01', 1),
(482, 'CompetSoloTest', '2017-01-01', 0),
(483, 'CompetEquipeTest', '2018-01-01', 1),
(484, 'CompetSoloTest', '2017-01-01', 0),
(485, 'CompetEquipeTest', '2018-01-01', 1),
(486, 'CompetSoloTest', '2017-01-01', 0),
(487, 'CompetEquipeTest', '2018-01-01', 1),
(488, 'CompetSoloTest', '2017-01-01', 0),
(489, 'CompetEquipeTest', '2018-01-01', 1),
(490, 'CompetSoloTest', '2017-01-01', 0),
(491, 'CompetSoloTest', '2017-01-01', 0),
(492, 'CompetSoloTest', '2017-01-01', 0),
(493, 'CompetSoloTest', '2017-01-01', 0),
(494, 'CompetSoloTest', '2017-01-01', 0),
(495, 'CompetSoloTest', '2017-01-01', 0),
(496, 'CompetSoloTest', '2017-01-01', 0),
(497, 'CompetSoloTest', '2017-01-01', 0),
(498, 'CompetEquipeTest', '2017-01-01', 1),
(499, 'CompetSoloTest', '2018-01-01', 0),
(500, 'CompetEquipeTest', '2017-01-01', 1),
(501, 'CompetSoloTest', '2018-01-01', 0),
(502, 'CompetEquipeTest', '2017-01-01', 1),
(503, 'CompetSoloTest', '2018-01-01', 0),
(504, 'CompetEquipeTest', '2017-01-01', 1),
(505, 'CompetSoloTest', '2018-01-01', 0),
(506, 'CompetEquipeTest', '2017-01-01', 1),
(507, 'CompetSoloTest', '2018-01-01', 0),
(508, 'CompetEquipeTest', '2017-01-01', 1),
(509, 'CompetSoloTest', '2018-01-01', 0),
(510, 'CompetEquipeTest', '2017-01-01', 1),
(511, 'CompetSoloTest', '2018-01-01', 0),
(512, 'CompetEquipeTest', '2017-01-01', 1),
(513, 'CompetSoloTest', '2018-01-01', 0),
(514, 'Test', '2017-01-01', 0),
(515, 'CompetEquipeTest', '2017-01-01', 1),
(516, 'CompetSoloTest', '2018-01-01', 0),
(517, 'CompetEquipeTest', '2018-01-01', 1),
(518, 'CompetSoloTest', '2017-01-01', 0),
(519, 'CompetEquipeTest', '2018-01-01', 1),
(520, 'CompetSoloTest', '2017-01-01', 0),
(521, 'CompetEquipeTest', '2018-01-01', 1),
(522, 'CompetSoloTest', '2017-01-01', 0),
(523, 'CompetEquipeTest', '2018-01-01', 1),
(524, 'CompetSoloTest', '2017-01-01', 0),
(525, 'CompetEquipeTest', '2017-01-01', 1),
(526, 'CompetEquipeTest', '2018-01-01', 1),
(527, 'CompetSoloTest', '2017-01-01', 0),
(528, 'CompetEquipeTest', '2018-01-01', 1),
(529, 'CompetSoloTest', '2017-01-01', 0),
(530, 'CompetEquipeTest', '2018-01-01', 1),
(531, 'CompetSoloTest', '2017-01-01', 0),
(532, 'CompetEquipeTest', '2018-01-01', 1),
(533, 'CompetSoloTest', '2017-01-01', 0),
(534, 'CompetEquipeTest', '2018-01-01', 1),
(535, 'CompetSoloTest', '2017-01-01', 0),
(536, 'CompetEquipeTest', '2018-01-01', 1),
(537, 'CompetSoloTest', '2017-01-01', 0),
(538, 'CompetEquipeTest', '2018-01-01', 1),
(539, 'CompetSoloTest', '2017-01-01', 0),
(540, 'CompetSoloTest', '2017-01-01', 0),
(541, 'CompetSoloTest', '2017-01-01', 0),
(542, 'CompetSoloTest', '2017-01-01', 0),
(543, 'CompetSoloTest', '2017-01-01', 0),
(544, 'CompetSoloTest', '2017-01-01', 0),
(545, 'CompetSoloTest', '2017-01-01', 0),
(546, 'CompetSoloTest', '2017-01-01', 0),
(547, 'CompetEquipeTest', '2017-01-01', 1),
(548, 'CompetSoloTest', '2018-01-01', 0),
(549, 'CompetEquipeTest', '2017-01-01', 1),
(550, 'CompetSoloTest', '2018-01-01', 0),
(551, 'CompetEquipeTest', '2017-01-01', 1),
(552, 'CompetSoloTest', '2018-01-01', 0),
(553, 'CompetEquipeTest', '2017-01-01', 1),
(554, 'CompetSoloTest', '2018-01-01', 0),
(555, 'CompetEquipeTest', '2017-01-01', 1),
(556, 'CompetSoloTest', '2018-01-01', 0),
(557, 'CompetEquipeTest', '2017-01-01', 1),
(558, 'CompetSoloTest', '2018-01-01', 0),
(559, 'CompetEquipeTest', '2017-01-01', 1),
(560, 'CompetSoloTest', '2018-01-01', 0),
(561, 'CompetEquipeTest', '2017-01-01', 1),
(562, 'CompetSoloTest', '2018-01-01', 0),
(563, 'Test', '2017-01-01', 0),
(564, 'CompetEquipeTest', '2017-01-01', 1),
(565, 'CompetSoloTest', '2018-01-01', 0),
(566, 'CompetEquipeTest', '2018-01-01', 1),
(567, 'CompetSoloTest', '2017-01-01', 0),
(568, 'CompetEquipeTest', '2018-01-01', 1),
(569, 'CompetSoloTest', '2017-01-01', 0),
(570, 'CompetEquipeTest', '2018-01-01', 1),
(571, 'CompetSoloTest', '2017-01-01', 0),
(572, 'CompetEquipeTest', '2018-01-01', 1),
(573, 'CompetSoloTest', '2017-01-01', 0),
(574, 'CompetEquipeTest', '2017-01-01', 1),
(575, 'CompetEquipeTest', '2018-01-01', 1),
(576, 'CompetSoloTest', '2017-01-01', 0),
(577, 'CompetEquipeTest', '2018-01-01', 1),
(578, 'CompetSoloTest', '2017-01-01', 0),
(579, 'CompetEquipeTest', '2018-01-01', 1),
(580, 'CompetSoloTest', '2017-01-01', 0),
(581, 'CompetEquipeTest', '2018-01-01', 1),
(582, 'CompetSoloTest', '2017-01-01', 0),
(583, 'CompetEquipeTest', '2018-01-01', 1),
(584, 'CompetSoloTest', '2017-01-01', 0),
(585, 'CompetEquipeTest', '2018-01-01', 1),
(586, 'CompetSoloTest', '2017-01-01', 0),
(587, 'CompetEquipeTest', '2018-01-01', 1),
(588, 'CompetSoloTest', '2017-01-01', 0),
(589, 'CompetSoloTest', '2017-01-01', 0),
(590, 'CompetSoloTest', '2017-01-01', 0),
(591, 'CompetSoloTest', '2017-01-01', 0),
(592, 'CompetSoloTest', '2017-01-01', 0),
(593, 'CompetSoloTest', '2017-01-01', 0),
(594, 'CompetSoloTest', '2017-01-01', 0),
(595, 'CompetSoloTest', '2017-01-01', 0),
(596, 'CompetEquipeTest', '2017-01-01', 1),
(597, 'CompetSoloTest', '2018-01-01', 0),
(598, 'CompetEquipeTest', '2017-01-01', 1),
(599, 'CompetSoloTest', '2018-01-01', 0),
(600, 'CompetEquipeTest', '2017-01-01', 1),
(601, 'CompetSoloTest', '2018-01-01', 0),
(602, 'CompetEquipeTest', '2017-01-01', 1),
(603, 'CompetSoloTest', '2018-01-01', 0),
(604, 'CompetEquipeTest', '2017-01-01', 1),
(605, 'CompetSoloTest', '2018-01-01', 0),
(606, 'CompetEquipeTest', '2017-01-01', 1),
(607, 'CompetSoloTest', '2018-01-01', 0),
(608, 'CompetEquipeTest', '2017-01-01', 1),
(609, 'CompetSoloTest', '2018-01-01', 0),
(610, 'CompetEquipeTest', '2017-01-01', 1),
(611, 'CompetSoloTest', '2018-01-01', 0),
(612, 'Test', '2017-01-01', 0),
(613, 'CompetEquipeTest', '2017-01-01', 1),
(614, 'CompetSoloTest', '2018-01-01', 0),
(615, 'CompetEquipeTest', '2018-01-01', 1),
(616, 'CompetSoloTest', '2017-01-01', 0),
(617, 'CompetEquipeTest', '2018-01-01', 1),
(618, 'CompetSoloTest', '2017-01-01', 0),
(619, 'CompetEquipeTest', '2018-01-01', 1),
(620, 'CompetSoloTest', '2017-01-01', 0),
(621, 'CompetEquipeTest', '2018-01-01', 1),
(622, 'CompetSoloTest', '2017-01-01', 0),
(623, 'CompetEquipeTest', '2017-01-01', 1),
(624, 'CompetEquipeTest', '2018-01-01', 1),
(625, 'CompetSoloTest', '2017-01-01', 0),
(626, 'CompetEquipeTest', '2018-01-01', 1),
(627, 'CompetSoloTest', '2017-01-01', 0),
(628, 'CompetEquipeTest', '2018-01-01', 1),
(629, 'CompetSoloTest', '2017-01-01', 0),
(630, 'CompetEquipeTest', '2018-01-01', 1),
(631, 'CompetSoloTest', '2017-01-01', 0),
(632, 'CompetEquipeTest', '2018-01-01', 1),
(633, 'CompetSoloTest', '2017-01-01', 0),
(634, 'CompetEquipeTest', '2018-01-01', 1),
(635, 'CompetSoloTest', '2017-01-01', 0),
(636, 'CompetEquipeTest', '2018-01-01', 1),
(637, 'CompetSoloTest', '2017-01-01', 0),
(638, 'CompetSoloTest', '2017-01-01', 0),
(639, 'CompetSoloTest', '2017-01-01', 0),
(640, 'CompetSoloTest', '2017-01-01', 0),
(641, 'CompetSoloTest', '2017-01-01', 0),
(642, 'CompetSoloTest', '2017-01-01', 0),
(643, 'CompetSoloTest', '2017-01-01', 0),
(644, 'CompetSoloTest', '2017-01-01', 0),
(645, 'CompetEquipeTest', '2017-01-01', 1),
(646, 'CompetSoloTest', '2018-01-01', 0),
(647, 'CompetEquipeTest', '2017-01-01', 1),
(648, 'CompetSoloTest', '2018-01-01', 0),
(649, 'CompetEquipeTest', '2017-01-01', 1),
(650, 'CompetSoloTest', '2018-01-01', 0),
(651, 'CompetEquipeTest', '2017-01-01', 1),
(652, 'CompetSoloTest', '2018-01-01', 0),
(653, 'CompetEquipeTest', '2017-01-01', 1),
(654, 'CompetSoloTest', '2018-01-01', 0),
(655, 'CompetEquipeTest', '2017-01-01', 1),
(656, 'CompetSoloTest', '2018-01-01', 0),
(657, 'CompetEquipeTest', '2017-01-01', 1),
(658, 'CompetSoloTest', '2018-01-01', 0),
(659, 'CompetEquipeTest', '2017-01-01', 1),
(660, 'CompetSoloTest', '2018-01-01', 0),
(661, 'Test', '2017-01-01', 0),
(662, 'CompetEquipeTest', '2017-01-01', 1),
(663, 'CompetSoloTest', '2018-01-01', 0),
(664, 'CompetEquipeTest', '2018-01-01', 1),
(665, 'CompetSoloTest', '2017-01-01', 0),
(666, 'CompetEquipeTest', '2018-01-01', 1),
(667, 'CompetSoloTest', '2017-01-01', 0),
(668, 'CompetEquipeTest', '2018-01-01', 1),
(669, 'CompetSoloTest', '2017-01-01', 0),
(670, 'CompetEquipeTest', '2018-01-01', 1),
(671, 'CompetSoloTest', '2017-01-01', 0),
(672, 'CompetEquipeTest', '2017-01-01', 1),
(673, 'CompetEquipeTest', '2018-01-01', 1),
(674, 'CompetSoloTest', '2017-01-01', 0),
(675, 'CompetEquipeTest', '2018-01-01', 1),
(676, 'CompetSoloTest', '2017-01-01', 0),
(677, 'CompetEquipeTest', '2018-01-01', 1),
(678, 'CompetSoloTest', '2017-01-01', 0),
(679, 'CompetEquipeTest', '2018-01-01', 1),
(680, 'CompetSoloTest', '2017-01-01', 0),
(681, 'CompetEquipeTest', '2018-01-01', 1),
(682, 'CompetSoloTest', '2017-01-01', 0),
(683, 'CompetEquipeTest', '2018-01-01', 1),
(684, 'CompetSoloTest', '2017-01-01', 0),
(685, 'CompetEquipeTest', '2018-01-01', 1),
(686, 'CompetSoloTest', '2017-01-01', 0),
(687, 'CompetSoloTest', '2017-01-01', 0),
(688, 'CompetSoloTest', '2017-01-01', 0),
(689, 'CompetSoloTest', '2017-01-01', 0),
(690, 'CompetSoloTest', '2017-01-01', 0),
(691, 'CompetSoloTest', '2017-01-01', 0),
(692, 'CompetSoloTest', '2017-01-01', 0),
(693, 'CompetSoloTest', '2017-01-01', 0),
(694, 'CompetEquipeTest', '2017-01-01', 1),
(695, 'CompetSoloTest', '2018-01-01', 0),
(696, 'CompetEquipeTest', '2017-01-01', 1),
(697, 'CompetSoloTest', '2018-01-01', 0),
(698, 'CompetEquipeTest', '2017-01-01', 1),
(699, 'CompetSoloTest', '2018-01-01', 0),
(700, 'CompetEquipeTest', '2017-01-01', 1),
(701, 'CompetSoloTest', '2018-01-01', 0),
(702, 'CompetEquipeTest', '2017-01-01', 1),
(703, 'CompetSoloTest', '2018-01-01', 0),
(704, 'CompetEquipeTest', '2017-01-01', 1),
(705, 'CompetSoloTest', '2018-01-01', 0),
(706, 'CompetEquipeTest', '2017-01-01', 1),
(707, 'CompetSoloTest', '2018-01-01', 0),
(708, 'CompetEquipeTest', '2017-01-01', 1),
(709, 'CompetSoloTest', '2018-01-01', 0),
(710, 'Test', '2017-01-01', 0),
(711, 'CompetEquipeTest', '2017-01-01', 1),
(712, 'CompetSoloTest', '2018-01-01', 0),
(713, 'CompetEquipeTest', '2018-01-01', 1),
(714, 'CompetSoloTest', '2017-01-01', 0),
(715, 'CompetEquipeTest', '2018-01-01', 1),
(716, 'CompetSoloTest', '2017-01-01', 0),
(717, 'CompetEquipeTest', '2018-01-01', 1),
(718, 'CompetSoloTest', '2017-01-01', 0),
(719, 'CompetEquipeTest', '2018-01-01', 1),
(720, 'CompetSoloTest', '2017-01-01', 0),
(721, 'CompetEquipeTest', '2017-01-01', 1),
(722, 'CompetEquipeTest', '2018-01-01', 1),
(723, 'CompetSoloTest', '2017-01-01', 0),
(724, 'CompetEquipeTest', '2018-01-01', 1),
(725, 'CompetSoloTest', '2017-01-01', 0),
(726, 'CompetEquipeTest', '2018-01-01', 1),
(727, 'CompetSoloTest', '2017-01-01', 0),
(728, 'CompetEquipeTest', '2018-01-01', 1),
(729, 'CompetSoloTest', '2017-01-01', 0),
(730, 'CompetEquipeTest', '2018-01-01', 1),
(731, 'CompetSoloTest', '2017-01-01', 0),
(732, 'CompetEquipeTest', '2018-01-01', 1),
(733, 'CompetSoloTest', '2017-01-01', 0),
(734, 'CompetEquipeTest', '2018-01-01', 1),
(735, 'CompetSoloTest', '2017-01-01', 0);

-- --------------------------------------------------------

--
-- Structure de la table `composer_equipe`
--

CREATE TABLE `composer_equipe` (
  `id_equipe` int(11) NOT NULL,
  `id_p` int(11) NOT NULL
) ENGINE=MyISAM DEFAULT CHARSET=latin1;

--
-- Contenu de la table `composer_equipe`
--

INSERT INTO `composer_equipe` (`id_equipe`, `id_p`) VALUES
(0, 0),
(1, 1),
(2, 2),
(3, 3),
(4, 4),
(5, 5),
(6, 6),
(7, 7),
(8, 8),
(9, 9),
(10, 10),
(11, 11),
(12, 12),
(13, 13),
(14, 14),
(15, 15),
(16, 16),
(17, 17),
(18, 18),
(19, 19),
(20, 20),
(21, 21),
(22, 22),
(23, 23),
(24, 24),
(25, 25),
(26, 26),
(27, 27),
(28, 28),
(29, 29),
(30, 30),
(31, 31),
(32, 32),
(33, 33),
(34, 34),
(35, 35),
(36, 36),
(37, 37),
(38, 38),
(39, 39),
(40, 40),
(41, 41),
(42, 42),
(43, 43),
(44, 44),
(45, 45),
(46, 46),
(47, 47),
(48, 48),
(49, 49),
(50, 50),
(51, 51),
(52, 52),
(53, 53),
(54, 54),
(55, 55),
(56, 56),
(57, 57),
(58, 58),
(59, 59),
(60, 60),
(61, 61),
(62, 62),
(63, 63),
(64, 64),
(65, 65),
(66, 66),
(67, 67),
(68, 68),
(69, 69),
(82, 82),
(83, 83),
(84, 84),
(85, 85),
(86, 86),
(87, 87),
(88, 88),
(89, 89),
(90, 90),
(91, 91),
(92, 92),
(93, 93),
(94, 94),
(95, 95),
(96, 96),
(97, 97),
(98, 98),
(99, 99),
(100, 100),
(101, 101),
(102, 102),
(103, 103),
(104, 104),
(105, 105),
(106, 106),
(107, 107),
(108, 108),
(109, 109),
(110, 110),
(111, 111),
(112, 112),
(113, 113),
(114, 114),
(115, 115),
(116, 116),
(117, 117),
(118, 118),
(119, 119),
(120, 120),
(121, 121),
(122, 122),
(123, 123),
(124, 124),
(125, 125),
(126, 126),
(127, 127),
(128, 128),
(129, 129),
(130, 130),
(131, 131),
(132, 132),
(133, 133),
(134, 134),
(135, 135),
(136, 136),
(137, 137),
(138, 138),
(139, 139),
(140, 140),
(141, 141),
(142, 142),
(143, 143),
(144, 144),
(145, 145),
(146, 146),
(147, 147),
(148, 148),
(149, 149),
(150, 150),
(151, 151),
(152, 152),
(153, 153),
(154, 154),
(155, 155),
(156, 156),
(157, 157),
(158, 158),
(159, 159),
(160, 160),
(161, 161),
(162, 162),
(163, 163),
(164, 164),
(165, 165),
(166, 166),
(167, 167),
(168, 168),
(169, 169),
(170, 170),
(171, 171),
(172, 172),
(173, 173),
(174, 174),
(175, 175),
(176, 176),
(177, 177),
(178, 178),
(179, 179),
(180, 180),
(181, 181),
(182, 182),
(183, 183),
(184, 184),
(185, 185),
(186, 186),
(187, 187),
(188, 188),
(189, 189),
(190, 190),
(191, 191),
(192, 192),
(193, 193),
(194, 194),
(195, 195),
(196, 196),
(197, 197),
(198, 198),
(199, 199),
(200, 200),
(201, 201),
(202, 202),
(203, 203),
(204, 204),
(205, 205),
(206, 206),
(207, 207),
(208, 208),
(209, 209),
(210, 210),
(211, 211),
(212, 212),
(213, 213),
(214, 214),
(215, 215),
(216, 216),
(217, 217),
(218, 218),
(219, 219),
(220, 220),
(221, 221),
(222, 222),
(223, 223),
(224, 224),
(225, 225),
(226, 226),
(227, 227),
(228, 228),
(229, 229),
(332, 0),
(333, 0),
(334, 0),
(335, 0),
(336, 0),
(337, 0),
(338, 0),
(339, 0),
(340, 0),
(341, 0),
(342, 0),
(343, 0),
(344, 0),
(345, 0),
(346, 0),
(347, 0),
(348, 0),
(349, 0),
(350, 0),
(351, 0),
(352, 0),
(353, 0),
(354, 0),
(355, 0),
(356, 0),
(357, 0),
(358, 0),
(359, 0),
(360, 0),
(361, 0),
(362, 0),
(363, 0),
(364, 0),
(365, 0);

-- --------------------------------------------------------

--
-- Structure de la table `participer`
--

CREATE TABLE `participer` (
  `id_c` int(11) NOT NULL,
  `id_comp` int(11) NOT NULL
) ENGINE=MyISAM DEFAULT CHARSET=latin1;

-- --------------------------------------------------------

--
-- Structure de la table `personne`
--

CREATE TABLE `personne` (
  `id_p` int(11) NOT NULL,
  `prenom` varchar(255) NOT NULL,
  `mail` varchar(255) NOT NULL
) ENGINE=MyISAM DEFAULT CHARSET=latin1;

--
-- Contenu de la table `personne`
--

INSERT INTO `personne` (`id_p`, `prenom`, `mail`) VALUES
(1, 'test', 'tTEST@gmail.com'),
(2, '', 'TEST@gmail.com'),
(3, 'test', 'tTEST@gmail.com'),
(4, 'test', 'tTEST@gmail.com'),
(5, 'test', 'tTEST@gmail.com'),
(6, 'test', 'tTEST@gmail.com'),
(7, 'test', 'tTEST@gmail.com'),
(8, 'test', 'tTEST@gmail.com'),
(9, 'test', 'tTEST@gmail.com'),
(10, '', 'TEST@gmail.com'),
(11, 'test', 'tTEST@gmail.com'),
(12, 'test', 'tTEST@gmail.com'),
(13, 'test', 'tTEST@gmail.com'),
(14, 'test', 'tTEST@gmail.com'),
(15, 'test', 'tTEST@gmail.com'),
(16, 'test', 'tTEST@gmail.com'),
(17, 'test', 'tTEST@gmail.com'),
(18, '', 'TEST@gmail.com'),
(19, 'test', 'tTEST@gmail.com'),
(20, 'test', 'tTEST@gmail.com'),
(21, 'test', 'tTEST@gmail.com'),
(22, 'test', 'tTEST@gmail.com'),
(23, 'test', 'tTEST@gmail.com'),
(24, 'test', 'tTEST@gmail.com'),
(25, '', 'TEST@gmail.com'),
(26, 'test', 'tTEST@gmail.com'),
(27, 'test', 'tTEST@gmail.com'),
(28, 'test', 'tTEST@gmail.com'),
(29, 'test', 'tTEST@gmail.com'),
(30, 'test', 'tTEST@gmail.com'),
(31, 'test', 'tTEST@gmail.com'),
(32, '', 'TEST@gmail.com'),
(33, 'test', 'tTEST@gmail.com'),
(34, 'test', 'tTEST@gmail.com'),
(35, 'test', 'tTEST@gmail.com'),
(36, 'test', 'tTEST@gmail.com'),
(37, 'test', 'tTEST@gmail.com'),
(38, 'test', 'tTEST@gmail.com'),
(39, '', 'TEST@gmail.com'),
(40, 'test', 'tTEST@gmail.com'),
(41, 'test', 'tTEST@gmail.com'),
(42, 'test', 'tTEST@gmail.com'),
(43, 'test', 'tTEST@gmail.com'),
(44, 'test', 'tTEST@gmail.com'),
(45, 'test', 'tTEST@gmail.com'),
(46, 'test', 'tTEST@gmail.com'),
(47, 'test', 'tTEST@gmail.com'),
(48, 'test', 'tTEST@gmail.com'),
(49, 'test', 'tTEST@gmail.com'),
(50, 'test', 'tTEST@gmail.com'),
(51, 'test', 'tTEST@gmail.com'),
(52, 'test', 'tTEST@gmail.com'),
(53, 'test', 'tTEST@gmail.com'),
(54, 'test', 'tTEST@gmail.com'),
(55, 'test', 'tTEST@gmail.com'),
(56, 'test', 'tTEST@gmail.com'),
(57, 'test', 'tTEST@gmail.com'),
(58, 'test', 'tTEST@gmail.com'),
(59, 'test', 'tTEST@gmail.com'),
(60, 'test', 'tTEST@gmail.com'),
(61, 'test', 'tTEST@gmail.com'),
(62, 'test', 'tTEST@gmail.com'),
(63, 'test', 'tTEST@gmail.com'),
(64, 'test', 'tTEST@gmail.com'),
(65, 'test', 'tTEST@gmail.com'),
(66, 'test', 'tTEST@gmail.com'),
(67, 'test', 'tTEST@gmail.com'),
(68, 'test', 'tTEST@gmail.com'),
(69, 'test', 'tTEST@gmail.com'),
(70, 'test', 'tTEST@gmail.com'),
(71, 'test', 'tTEST@gmail.com'),
(72, 'test', 'tTEST@gmail.com'),
(73, 'test', 'tTEST@gmail.com'),
(74, 'test', 'tTEST@gmail.com'),
(75, 'test', 'tTEST@gmail.com'),
(76, 'test', 'tTEST@gmail.com'),
(77, 'test', 'tTEST@gmail.com'),
(78, 'test', 'tTEST@gmail.com'),
(79, 'test', 'tTEST@gmail.com'),
(80, 'test', 'tTEST@gmail.com'),
(81, 'test', 'tTEST@gmail.com'),
(82, 'test', 'tTEST@gmail.com'),
(83, 'test', 'tTEST@gmail.com'),
(84, 'test', 'tTEST@gmail.com'),
(85, 'test', 'tTEST@gmail.com'),
(86, 'test', 'tTEST@gmail.com'),
(87, 'test', 'tTEST@gmail.com'),
(88, 'test', 'tTEST@gmail.com'),
(89, 'test', 'tTEST@gmail.com'),
(90, 'test', 'tTEST@gmail.com'),
(91, 'test', 'tTEST@gmail.com'),
(92, 'test', 'tTEST@gmail.com'),
(93, 'test', 'tTEST@gmail.com'),
(94, 'test', 'tTEST@gmail.com'),
(95, 'test', 'tTEST@gmail.com'),
(96, 'test', 'tTEST@gmail.com'),
(97, 'test', 'tTEST@gmail.com'),
(98, 'test', 'tTEST@gmail.com'),
(99, 'test', 'tTEST@gmail.com'),
(100, 'test', 'tTEST@gmail.com'),
(101, 'test', 'tTEST@gmail.com'),
(102, 'test', 'tTEST@gmail.com'),
(103, 'test', 'tTEST@gmail.com'),
(104, 'test', 'tTEST@gmail.com'),
(105, 'test', 'tTEST@gmail.com'),
(106, 'test', 'tTEST@gmail.com'),
(107, 'test', 'tTEST@gmail.com'),
(108, 'test', 'tTEST@gmail.com'),
(109, 'test', 'tTEST@gmail.com'),
(110, 'test', 'tTEST@gmail.com'),
(111, 'test', 'tTEST@gmail.com'),
(112, 'test', 'tTEST@gmail.com'),
(113, 'test', 'tTEST@gmail.com'),
(114, 'test', 'tTEST@gmail.com'),
(115, 'test', 'tTEST@gmail.com'),
(116, 'test', 'tTEST@gmail.com'),
(117, 'test', 'tTEST@gmail.com'),
(118, 'test', 'tTEST@gmail.com'),
(119, 'test', 'tTEST@gmail.com'),
(120, 'test', 'tTEST@gmail.com'),
(121, 'test', 'tTEST@gmail.com'),
(122, 'test', 'tTEST@gmail.com'),
(123, 'test', 'tTEST@gmail.com'),
(124, 'test', 'tTEST@gmail.com'),
(125, 'test', 'tTEST@gmail.com'),
(126, 'test', 'tTEST@gmail.com'),
(127, 'test', 'tTEST@gmail.com'),
(128, 'test', 'tTEST@gmail.com'),
(129, 'test', 'tTEST@gmail.com'),
(130, 'test', 'tTEST@gmail.com'),
(131, 'test', 'tTEST@gmail.com'),
(132, 'test', 'tTEST@gmail.com'),
(133, 'test', 'tTEST@gmail.com'),
(134, 'test', 'tTEST@gmail.com'),
(135, 'test', 'tTEST@gmail.com'),
(136, 'test', 'tTEST@gmail.com'),
(137, 'test', 'tTEST@gmail.com'),
(138, 'test', 'tTEST@gmail.com'),
(139, 'test', 'tTEST@gmail.com'),
(140, 'test', 'tTEST@gmail.com'),
(141, 'test', 'tTEST@gmail.com'),
(142, 'test', 'tTEST@gmail.com'),
(143, 'test', 'tTEST@gmail.com'),
(144, 'test', 'tTEST@gmail.com'),
(145, 'test', 'tTEST@gmail.com'),
(146, 'test', 'tTEST@gmail.com'),
(147, 'test', 'tTEST@gmail.com'),
(148, 'test', 'tTEST@gmail.com'),
(149, 'test', 'tTEST@gmail.com'),
(150, 'test', 'tTEST@gmail.com'),
(151, 'test', 'tTEST@gmail.com'),
(152, 'test', 'tTEST@gmail.com'),
(153, 'test', 'tTEST@gmail.com'),
(154, '', ''),
(155, 'test', 'tTEST@gmail.com'),
(156, 'test', 'tTEST@gmail.com'),
(157, 'test', 'tTEST@gmail.com'),
(158, 'test', 'tTEST@gmail.com'),
(159, 'test', 'tTEST@gmail.com'),
(160, 'test', 'tTEST@gmail.com'),
(161, 'test', 'tTEST@gmail.com'),
(162, 'test', 'tTEST@gmail.com'),
(163, 'test', 'tTEST@gmail.com'),
(164, '', ''),
(165, 'test', 'tTEST@gmail.com'),
(166, 'test', 'tTEST@gmail.com'),
(167, 'test', 'tTEST@gmail.com'),
(168, 'test', 'tTEST@gmail.com'),
(169, 'test', 'tTEST@gmail.com'),
(170, 'test', 'tTEST@gmail.com'),
(171, 'test', 'tTEST@gmail.com'),
(172, 'test', 'tTEST@gmail.com'),
(173, 'test', 'tTEST@gmail.com'),
(174, '', ''),
(175, 'test', 'tTEST@gmail.com'),
(176, 'test', 'tTEST@gmail.com'),
(177, 'test', 'tTEST@gmail.com'),
(178, 'test', 'tTEST@gmail.com'),
(179, 'test', 'tTEST@gmail.com'),
(180, 'test', 'tTEST@gmail.com'),
(181, 'test', 'tTEST@gmail.com'),
(182, 'test', 'tTEST@gmail.com'),
(183, 'test', 'tTEST@gmail.com'),
(184, '', ''),
(185, 'test', 'tTEST@gmail.com'),
(186, 'test', 'tTEST@gmail.com'),
(187, 'test', 'tTEST@gmail.com'),
(188, 'test', 'tTEST@gmail.com'),
(189, 'test', 'tTEST@gmail.com'),
(190, 'test', 'tTEST@gmail.com'),
(191, 'test', 'tTEST@gmail.com'),
(192, 'test', 'tTEST@gmail.com'),
(193, 'test', 'tTEST@gmail.com'),
(194, '', ''),
(195, 'test', 'tTEST@gmail.com'),
(196, 'test', 'tTEST@gmail.com'),
(197, 'test', 'tTEST@gmail.com'),
(198, 'test', 'tTEST@gmail.com'),
(199, 'test', 'tTEST@gmail.com'),
(200, 'test', 'tTEST@gmail.com'),
(201, 'test', 'tTEST@gmail.com'),
(202, 'test', 'tTEST@gmail.com'),
(203, 'test', 'tTEST@gmail.com'),
(204, '', ''),
(205, 'test', 'tTEST@gmail.com'),
(206, 'test', 'tTEST@gmail.com'),
(207, 'test', 'tTEST@gmail.com'),
(208, 'test', 'tTEST@gmail.com'),
(209, 'test', 'tTEST@gmail.com'),
(210, 'test', 'tTEST@gmail.com'),
(211, 'test', 'tTEST@gmail.com'),
(212, 'test', 'tTEST@gmail.com'),
(213, 'test', 'tTEST@gmail.com'),
(214, 'test', 'tTEST@gmail.com'),
(215, 'test', 'tTEST@gmail.com'),
(216, 'test', 'tTEST@gmail.com'),
(217, 'test', 'tTEST@gmail.com'),
(218, 'test', 'tTEST@gmail.com'),
(219, 'test', 'tTEST@gmail.com'),
(220, 'test', 'tTEST@gmail.com'),
(221, 'test', 'tTEST@gmail.com'),
(222, 'test', 'tTEST@gmail.com'),
(223, 'test', 'tTEST@gmail.com'),
(224, 'test', 'tTEST@gmail.com'),
(225, 'test', 'tTEST@gmail.com'),
(226, 'test', 'tTEST@gmail.com'),
(227, 'test', 'tTEST@gmail.com'),
(228, 'test', 'tTEST@gmail.com'),
(229, 'test', 'tTEST@gmail.com'),
(230, '', 'TEST@gmail.com'),
(231, 'test', 'tTEST@gmail.com'),
(232, 'test', 'tTEST@gmail.com'),
(233, 'test', 'tTEST@gmail.com'),
(234, 'test', 'tTEST@gmail.com'),
(235, 'test', 'tTEST@gmail.com'),
(236, 'test', 'tTEST@gmail.com'),
(237, 'test', 'tTEST@gmail.com'),
(238, 'test', 'tTEST@gmail.com'),
(239, 'test', 'tTEST@gmail.com'),
(240, '', ''),
(241, 'test', 'tTEST@gmail.com'),
(242, 'test', 'tTEST@gmail.com'),
(243, 'test', 'tTEST@gmail.com'),
(244, 'test', 'tTEST@gmail.com'),
(245, 'test', 'tTEST@gmail.com'),
(246, 'test', 'tTEST@gmail.com'),
(247, 'test', 'tTEST@gmail.com'),
(248, 'test', 'tTEST@gmail.com'),
(249, 'test', 'tTEST@gmail.com'),
(250, 'test', 'tTEST@gmail.com'),
(251, 'test', 'tTEST@gmail.com'),
(252, 'test', 'tTEST@gmail.com'),
(253, 'test', 'tTEST@gmail.com'),
(254, 'test', 'tTEST@gmail.com'),
(255, 'test', 'tTEST@gmail.com'),
(256, 'test', 'tTEST@gmail.com'),
(257, 'test', 'tTEST@gmail.com'),
(258, 'test', 'tTEST@gmail.com'),
(259, 'test', 'tTEST@gmail.com'),
(260, 'test', 'tTEST@gmail.com'),
(261, 'test', 'tTEST@gmail.com'),
(262, 'test', 'tTEST@gmail.com'),
(263, 'test', 'tTEST@gmail.com'),
(264, 'test', 'tTEST@gmail.com'),
(265, 'test', 'tTEST@gmail.com'),
(266, 'test', 'tTEST@gmail.com'),
(267, 'test', 'tTEST@gmail.com'),
(268, '', 'TEST@gmail.com'),
(269, 'test', 'tTEST@gmail.com'),
(270, 'test', 'tTEST@gmail.com'),
(271, 'test', 'tTEST@gmail.com'),
(272, 'test', 'tTEST@gmail.com'),
(273, 'test', 'tTEST@gmail.com'),
(274, 'test', 'tTEST@gmail.com'),
(275, 'test', 'tTEST@gmail.com'),
(276, 'test', 'tTEST@gmail.com'),
(277, 'test', 'tTEST@gmail.com'),
(278, '', ''),
(279, 'test', 'tTEST@gmail.com'),
(280, 'test', 'tTEST@gmail.com'),
(281, 'test', 'tTEST@gmail.com'),
(282, 'test', 'tTEST@gmail.com'),
(283, 'test', 'tTEST@gmail.com'),
(284, 'test', 'tTEST@gmail.com'),
(285, 'test', 'tTEST@gmail.com'),
(286, 'test', 'tTEST@gmail.com'),
(287, 'test', 'tTEST@gmail.com'),
(288, 'test', 'tTEST@gmail.com'),
(289, 'test', 'tTEST@gmail.com'),
(290, 'test', 'tTEST@gmail.com'),
(291, 'test', 'tTEST@gmail.com'),
(292, 'test', 'tTEST@gmail.com'),
(293, 'test', 'tTEST@gmail.com'),
(294, 'test', 'tTEST@gmail.com'),
(295, 'test', 'tTEST@gmail.com'),
(296, 'test', 'tTEST@gmail.com'),
(297, 'test', 'tTEST@gmail.com'),
(298, 'test', 'tTEST@gmail.com'),
(299, 'test', 'tTEST@gmail.com'),
(300, 'test', 'tTEST@gmail.com'),
(301, 'test', 'tTEST@gmail.com'),
(302, 'test', 'tTEST@gmail.com'),
(303, 'test', 'tTEST@gmail.com'),
(304, 'test', 'tTEST@gmail.com'),
(305, 'test', 'tTEST@gmail.com'),
(306, '', 'TEST@gmail.com'),
(307, 'test', 'tTEST@gmail.com'),
(308, 'test', 'tTEST@gmail.com'),
(309, 'test', 'tTEST@gmail.com'),
(310, 'test', 'tTEST@gmail.com'),
(311, 'test', 'tTEST@gmail.com'),
(312, 'test', 'tTEST@gmail.com'),
(313, 'test', 'tTEST@gmail.com'),
(314, 'test', 'tTEST@gmail.com'),
(315, 'test', 'tTEST@gmail.com'),
(316, '', ''),
(317, 'test', 'tTEST@gmail.com'),
(318, 'test', 'tTEST@gmail.com'),
(319, 'test', 'tTEST@gmail.com'),
(320, 'test', 'tTEST@gmail.com'),
(321, 'test', 'tTEST@gmail.com'),
(322, 'test', 'tTEST@gmail.com'),
(323, 'test', 'tTEST@gmail.com'),
(324, 'test', 'tTEST@gmail.com'),
(325, 'test', 'tTEST@gmail.com'),
(326, 'test', 'tTEST@gmail.com'),
(327, 'test', 'tTEST@gmail.com'),
(328, 'test', 'tTEST@gmail.com'),
(329, 'test', 'tTEST@gmail.com'),
(330, 'test', 'tTEST@gmail.com'),
(331, 'test', 'tTEST@gmail.com'),
(332, 'test', 'tTEST@gmail.com'),
(333, 'test', 'tTEST@gmail.com'),
(334, 'test', 'tTEST@gmail.com'),
(335, 'test', 'tTEST@gmail.com'),
(336, 'test', 'tTEST@gmail.com'),
(337, 'test', 'tTEST@gmail.com'),
(338, 'test', 'tTEST@gmail.com'),
(339, 'test', 'tTEST@gmail.com'),
(340, 'test', 'tTEST@gmail.com'),
(341, 'test', 'tTEST@gmail.com'),
(342, 'test', 'tTEST@gmail.com'),
(343, 'test', 'tTEST@gmail.com'),
(344, '', 'TEST@gmail.com'),
(345, 'test', 'tTEST@gmail.com'),
(346, 'test', 'tTEST@gmail.com'),
(347, 'test', 'tTEST@gmail.com'),
(348, 'test', 'tTEST@gmail.com'),
(349, 'test', 'tTEST@gmail.com'),
(350, 'test', 'tTEST@gmail.com'),
(351, 'test', 'tTEST@gmail.com'),
(352, 'test', 'tTEST@gmail.com'),
(353, 'test', 'tTEST@gmail.com'),
(354, '', ''),
(355, 'test', 'tTEST@gmail.com'),
(356, 'test', 'tTEST@gmail.com'),
(357, 'test', 'tTEST@gmail.com'),
(358, 'test', 'tTEST@gmail.com'),
(359, 'test', 'tTEST@gmail.com'),
(360, 'test', 'tTEST@gmail.com'),
(361, 'test', 'tTEST@gmail.com'),
(362, 'test', 'tTEST@gmail.com'),
(363, 'test', 'tTEST@gmail.com'),
(364, 'test', 'tTEST@gmail.com'),
(365, 'test', 'tTEST@gmail.com'),
(366, 'test', 'tTEST@gmail.com'),
(367, 'test', 'tTEST@gmail.com'),
(368, 'test', 'tTEST@gmail.com'),
(369, 'test', 'tTEST@gmail.com'),
(370, 'test', 'tTEST@gmail.com'),
(371, 'test', 'tTEST@gmail.com'),
(372, 'test', 'tTEST@gmail.com'),
(373, 'test', 'tTEST@gmail.com'),
(374, 'test', 'tTEST@gmail.com'),
(375, 'test', 'tTEST@gmail.com'),
(376, 'test', 'tTEST@gmail.com'),
(377, 'test', 'tTEST@gmail.com'),
(378, 'test', 'tTEST@gmail.com'),
(379, 'test', 'tTEST@gmail.com'),
(380, 'test', 'tTEST@gmail.com'),
(381, 'test', 'tTEST@gmail.com'),
(382, '', 'TEST@gmail.com'),
(383, 'test', 'tTEST@gmail.com'),
(384, 'test', 'tTEST@gmail.com'),
(385, 'test', 'tTEST@gmail.com'),
(386, 'test', 'tTEST@gmail.com'),
(387, 'test', 'tTEST@gmail.com'),
(388, 'test', 'tTEST@gmail.com'),
(389, 'test', 'tTEST@gmail.com'),
(390, 'test', 'tTEST@gmail.com'),
(391, 'test', 'tTEST@gmail.com'),
(392, '', ''),
(393, 'test', 'tTEST@gmail.com'),
(394, 'test', 'tTEST@gmail.com'),
(395, 'test', 'tTEST@gmail.com'),
(396, 'test', 'tTEST@gmail.com'),
(397, 'test', 'tTEST@gmail.com'),
(398, 'test', 'tTEST@gmail.com'),
(399, 'test', 'tTEST@gmail.com'),
(400, 'test', 'tTEST@gmail.com'),
(401, 'test', 'tTEST@gmail.com'),
(402, 'test', 'tTEST@gmail.com'),
(403, 'test', 'tTEST@gmail.com'),
(404, 'test', 'tTEST@gmail.com'),
(405, 'test', 'tTEST@gmail.com'),
(406, 'test', 'tTEST@gmail.com'),
(407, 'test', 'tTEST@gmail.com'),
(408, 'test', 'tTEST@gmail.com'),
(409, 'test', 'tTEST@gmail.com'),
(410, 'test', 'tTEST@gmail.com'),
(411, 'test', 'tTEST@gmail.com'),
(412, 'test', 'tTEST@gmail.com'),
(413, 'test', 'tTEST@gmail.com'),
(414, 'test', 'tTEST@gmail.com'),
(415, 'test', 'tTEST@gmail.com'),
(416, 'test', 'tTEST@gmail.com'),
(417, 'test', 'tTEST@gmail.com'),
(418, 'test', 'tTEST@gmail.com'),
(419, 'test', 'tTEST@gmail.com'),
(420, '', 'TEST@gmail.com'),
(421, 'test', 'tTEST@gmail.com'),
(422, 'test', 'tTEST@gmail.com'),
(423, 'test', 'tTEST@gmail.com'),
(424, 'test', 'tTEST@gmail.com'),
(425, 'test', 'tTEST@gmail.com'),
(426, 'test', 'tTEST@gmail.com'),
(427, 'test', 'tTEST@gmail.com'),
(428, 'test', 'tTEST@gmail.com'),
(429, 'test', 'tTEST@gmail.com'),
(430, '', ''),
(431, 'test', 'tTEST@gmail.com'),
(432, 'test', 'tTEST@gmail.com'),
(433, 'test', 'tTEST@gmail.com'),
(434, 'test', 'tTEST@gmail.com'),
(435, 'test', 'tTEST@gmail.com'),
(436, 'test', 'tTEST@gmail.com'),
(437, 'test', 'tTEST@gmail.com'),
(438, 'test', 'tTEST@gmail.com'),
(439, 'test', 'tTEST@gmail.com'),
(440, 'test', 'tTEST@gmail.com'),
(441, 'test', 'tTEST@gmail.com'),
(442, 'test', 'tTEST@gmail.com'),
(443, 'test', 'tTEST@gmail.com'),
(444, 'test', 'tTEST@gmail.com'),
(445, 'test', 'tTEST@gmail.com'),
(446, 'test', 'tTEST@gmail.com'),
(447, 'test', 'tTEST@gmail.com'),
(448, 'test', 'tTEST@gmail.com'),
(449, 'test', 'tTEST@gmail.com'),
(450, 'test', 'tTEST@gmail.com'),
(451, 'test', 'tTEST@gmail.com'),
(452, 'test', 'tTEST@gmail.com'),
(453, 'test', 'tTEST@gmail.com'),
(454, 'test', 'tTEST@gmail.com'),
(455, 'test', 'tTEST@gmail.com'),
(456, 'test', 'tTEST@gmail.com'),
(457, 'test', 'tTEST@gmail.com'),
(458, '', 'TEST@gmail.com'),
(459, 'test', 'tTEST@gmail.com'),
(460, 'test', 'tTEST@gmail.com'),
(461, 'test', 'tTEST@gmail.com'),
(462, 'test', 'tTEST@gmail.com'),
(463, 'test', 'tTEST@gmail.com'),
(464, 'test', 'tTEST@gmail.com'),
(465, 'test', 'tTEST@gmail.com'),
(466, 'test', 'tTEST@gmail.com'),
(467, 'test', 'tTEST@gmail.com'),
(468, '', ''),
(469, 'test', 'tTEST@gmail.com'),
(470, 'test', 'tTEST@gmail.com'),
(471, 'test', 'tTEST@gmail.com'),
(472, 'test', 'tTEST@gmail.com'),
(473, 'test', 'tTEST@gmail.com'),
(474, 'test', 'tTEST@gmail.com'),
(475, 'test', 'tTEST@gmail.com'),
(476, 'test', 'tTEST@gmail.com'),
(477, 'test', 'tTEST@gmail.com'),
(478, 'test', 'tTEST@gmail.com'),
(479, 'test', 'tTEST@gmail.com'),
(480, 'test', 'tTEST@gmail.com'),
(481, 'test', 'tTEST@gmail.com'),
(482, 'test', 'tTEST@gmail.com'),
(483, 'test', 'tTEST@gmail.com'),
(484, 'test', 'tTEST@gmail.com'),
(485, 'test', 'tTEST@gmail.com'),
(486, 'test', 'tTEST@gmail.com'),
(487, 'test', 'tTEST@gmail.com'),
(488, 'test', 'tTEST@gmail.com'),
(489, 'test', 'tTEST@gmail.com'),
(490, 'test', 'tTEST@gmail.com'),
(491, 'test', 'tTEST@gmail.com'),
(492, 'test', 'tTEST@gmail.com'),
(493, 'test', 'tTEST@gmail.com'),
(494, 'test', 'tTEST@gmail.com'),
(495, 'test', 'tTEST@gmail.com'),
(496, '', 'TEST@gmail.com'),
(497, 'test', 'tTEST@gmail.com'),
(498, 'test', 'tTEST@gmail.com'),
(499, 'test', 'tTEST@gmail.com'),
(500, 'test', 'tTEST@gmail.com'),
(501, 'test', 'tTEST@gmail.com'),
(502, 'test', 'tTEST@gmail.com'),
(503, 'test', 'tTEST@gmail.com'),
(504, 'test', 'tTEST@gmail.com'),
(505, 'test', 'tTEST@gmail.com'),
(506, '', ''),
(507, 'test', 'tTEST@gmail.com'),
(508, 'test', 'tTEST@gmail.com'),
(509, 'test', 'tTEST@gmail.com'),
(510, 'test', 'tTEST@gmail.com'),
(511, 'test', 'tTEST@gmail.com'),
(512, 'test', 'tTEST@gmail.com'),
(513, 'test', 'tTEST@gmail.com'),
(514, 'test', 'tTEST@gmail.com'),
(515, 'test', 'tTEST@gmail.com'),
(516, 'test', 'tTEST@gmail.com'),
(517, 'test', 'tTEST@gmail.com'),
(518, 'test', 'tTEST@gmail.com'),
(519, 'test', 'tTEST@gmail.com'),
(520, 'test', 'tTEST@gmail.com'),
(521, 'test', 'tTEST@gmail.com'),
(522, 'test', 'tTEST@gmail.com'),
(523, 'test', 'tTEST@gmail.com'),
(524, 'test', 'tTEST@gmail.com'),
(525, 'test', 'tTEST@gmail.com'),
(526, 'test', 'tTEST@gmail.com'),
(527, 'test', 'tTEST@gmail.com'),
(528, 'test', 'tTEST@gmail.com'),
(529, 'test', 'tTEST@gmail.com'),
(530, 'test', 'tTEST@gmail.com'),
(531, 'test', 'tTEST@gmail.com');

--
-- Index pour les tables exportées
--

--
-- Index pour la table `candidat`
--
ALTER TABLE `candidat`
  ADD PRIMARY KEY (`id_c`);

--
-- Index pour la table `competition`
--
ALTER TABLE `competition`
  ADD PRIMARY KEY (`id_comp`);

--
-- Index pour la table `composer_equipe`
--
ALTER TABLE `composer_equipe`
  ADD PRIMARY KEY (`id_equipe`,`id_p`),
  ADD KEY `id_p` (`id_p`);

--
-- Index pour la table `participer`
--
ALTER TABLE `participer`
  ADD KEY `id_c` (`id_c`),
  ADD KEY `id_comp` (`id_comp`);

--
-- Index pour la table `personne`
--
ALTER TABLE `personne`
  ADD PRIMARY KEY (`id_p`),
  ADD KEY `id_p` (`id_p`);

--
-- AUTO_INCREMENT pour les tables exportées
--

--
-- AUTO_INCREMENT pour la table `candidat`
--
ALTER TABLE `candidat`
  MODIFY `id_c` int(11) NOT NULL AUTO_INCREMENT, AUTO_INCREMENT=400;
--
-- AUTO_INCREMENT pour la table `competition`
--
ALTER TABLE `competition`
  MODIFY `id_comp` int(11) NOT NULL AUTO_INCREMENT, AUTO_INCREMENT=736;
--
-- AUTO_INCREMENT pour la table `personne`
--
ALTER TABLE `personne`
  MODIFY `id_p` int(11) NOT NULL AUTO_INCREMENT, AUTO_INCREMENT=532;
/*!40101 SET CHARACTER_SET_CLIENT=@OLD_CHARACTER_SET_CLIENT */;
/*!40101 SET CHARACTER_SET_RESULTS=@OLD_CHARACTER_SET_RESULTS */;
/*!40101 SET COLLATION_CONNECTION=@OLD_COLLATION_CONNECTION */;
